{"cameraMode":{"drawMode":0,"name":"Shaded","section":"Shading Mode"},"sceneLighting":true,"audioPlay":false,"sceneViewState":{"m_AlwaysRefresh":false,"showFog":true,"showSkybox":true,"showFlares":true,"showImageEffects":true,"showParticleSystems":true,"showVisualEffectGraphs":true,"m_FxEnabled":true},"in2DMode":false,"pivot":{"x":0.7152081727981567,"y":4.055746078491211,"z":-0.38096457719802859},"rotation":{"x":-0.037464845925569537,"y":0.037464842200279239,"z":0.001405591145157814,"w":0.9985942840576172},"size":4.836992263793945,"orthographic":false}