{"cameraMode":{"drawMode":0,"name":"Shaded","section":"Shading Mode"},"sceneLighting":false,"audioPlay":false,"sceneViewState":{"m_AlwaysRefresh":false,"showFog":true,"showSkybox":false,"showFlares":true,"showImageEffects":true,"showParticleSystems":true,"showVisualEffectGraphs":true,"m_FxEnabled":true},"in2DMode":false,"pivot":{"x":0.11500000953674317,"y":0.10199999809265137,"z":0.06300000846385956},"rotation":{"x":0.08984238654375076,"y":0.02838098630309105,"z":-0.0025608993601053955,"w":0.9955516457557678},"size":0.8660253882408142,"orthographic":true}